,accuracy,precision,recall,f1,roc_auc
Logistic Regression,0.98564,0.9913872220261207,0.991713942703797,0.9915505554509508,0.998884171366986
Random Forest,0.99896,0.9996937934283359,0.9990819425154776,0.999387774324197,0.9999680791086097
Gradient Boosting,0.9993,0.9997174476100777,0.9994585814834868,0.9995879977869595,0.9999979118051631
XGBoost,0.99964,0.9997881405804948,0.9997881405804948,0.9997881405804948,0.9999991640959198
