,mse,rmse,mae,r2,mape
Linear Regression,193.47646634873547,13.90958181789573,10.671074818214914,0.9961719953352185,5.3981731944855245
Ridge Regression,193.47649281435045,13.909582769240437,10.671041960798174,0.9961719948115864,5.398068939459301
Random Forest,103.68034096695123,10.182354392131087,7.39278817610004,0.997948645453591,2.0031600827476046
Gradient Boosting,8.37098945031023,2.893266225273822,2.1118886133105543,0.9998343768248957,0.7607669563096425
XGBoost,7.3322181271427,2.7078068851272796,2.1025734817202344,0.9998549293062686,0.8337329441820868
